<?xml version="1.0" encoding="UTF-8"?>
<project-private xmlns="http://www.netbeans.org/ns/project-private/1">
    <editor-bookmarks xmlns="http://www.netbeans.org/ns/editor-bookmarks/2" lastBookmarkId="0"/>
    <open-files xmlns="http://www.netbeans.org/ns/projectui-open-files/2">
        <group name="InterfaceGraphiqueSwing">
            <file>file:/Users/mk/Google%20Drive%20File%20Stream/Mon%20disque/2.%20Cours/2018/GitCours2019/Java/Java/AZCR3Exercices/src/azcr3exercices/AZCR3Exercices.java</file>
            <file>file:/Users/mk/Google%20Drive%20File%20Stream/Mon%20disque/2.%20Cours/2018/GitCours2019/Java/Java/AZCR3Exercices/src/azcr3exercices/ExerciceCours3.java</file>
        </group>
    </open-files>
</project-private>
